Ho Thanh Lan,0901867825
Tran Van Duc,0964614226
Bui Minh Yen,0353744854
Vu Duc Minh,0321719583
"Do, Thanh Tuan",0939149732
Vu Thi Thuy,0989906820
Ho Minh Hung,0940533224
Tran Huu An,0961571945
Ho Thanh An,0343903402
Do Huu Anh,0820445199
Pham Thi Mai,0833335942
Ngo Huu Thuy,0899142600
Ly Thanh Bao,0943698379
Nguyen Van Quang,0889886237
Ngo Van Hoa,0360109031
Nguyen Ngoc Lan,0762678638
Phan Thi Thanh,0897090293
Pham Van Huy,0384661907
"Vu, Quang Trang",0323612365
Bui Ngoc Huy,0765647119
Phan Huu Hanh,0861556017
Ngo Duc Tung,0911622631
Ly Minh Dat,0395770619
Huynh Thi Nam,0854437923
"Duong, Ngoc Viet",0770728977
Ngo Thi Viet,0707707870
Tran Duc Viet,0832094235
Tran Minh Trang,0911322047
Hoang Huu Thanh,0834918715
Ngo Thanh Viet,0786067228
Ngo Thanh Phong,0843226067
Huynh Duc Phong,0891166941
"Vu, Minh Quang",0973823498
"Ly, Thi Tung",0764855124
Do Duc Linh,0983905582
Le Thanh Long,0791694522
Pham Thanh Thanh,0914663623
Phan Minh Quang,0886120868
Huynh Van Chi,0336210606
Hoang Quang Nam,0393514944
Bui Quang Huong,0934479144
Vu Minh Bao,0891197935
Pham Ngoc Phuong,0852871230
Hoang Minh Dung,0834107245
Nguyen Van Long,0337755439
Tran Quang Binh,0914528972
Vo Minh Thuy,0909344066
"Hoang, Ngoc Lan",0355440561
"Huynh, Quang Linh",0780938483
Vo Minh Trang,0350538552
